waiting_bin,avg_penalty,total_penalty,trips
0–10,144.21052631578948,2740.0,19
10–20,146.27260638297872,27499.25,188
20–30,171.40452261306532,34109.5,199
30–40,198.96116504854368,40986.0,206
40–50,229.0531914893617,43062.0,188
50–60,259.1375,51827.5,200
