waiting_bin,avg_penalty,total_penalty,trips
0–10,25.263157894736842,480.0,19
10–20,18.829787234042552,3540.0,188
20–30,17.035175879396984,3390.0,199
30–40,16.16504854368932,3330.0,206
40–50,15.638297872340425,2940.0,188
50–60,16.5,3300.0,200
