humidity_range,avg_penalty,count
50–60%,199.12612612612614,333
60–70%,200.56079027355622,329
70–80%,200.82566765578636,337
