temp_range,humidity_range,avg_efficiency,avg_cost,avg_utilization,trips
<20°C,40–60%,45.42244617070336,2.8579629629629633,81.02592592592592,54
<20°C,60–80%,39.7728349203929,3.00348623853211,77.7834862385321,109
20–25°C,40–60%,37.761018968391596,2.9844055944055943,79.1937062937063,143
20–25°C,60–80%,38.255171902763465,2.966345514950166,79.40531561461793,301
25–30°C,40–60%,41.77616468550621,2.8167883211678832,80.78248175182482,137
25–30°C,60–80%,39.559915050849476,2.9467578125,79.8921875,256
