temp_range,avg_penalty,count
15–20°C,200.20092024539878,163
20–25°C,203.04786036036037,444
25–30°C,197.043893129771,393
