humidity_range,avg_humidity_penalty,avg_total_penalty,records
0–30%,,,0
30–50%,0.0,0.0,1
50–60%,0.0,4.444444444444445,333
60–70%,0.0,4.376899696048632,329
70–80%,7.388724035608309,10.949554896142434,337
80–90%,,,0
90–100%,,,0
