temp_range,avg_temp_penalty,avg_total_penalty,records
<10°C,,,0
10–20°C,0.0,2.9447852760736195,163
20–25°C,0.0,2.5,444
25–30°C,10.483460559796438,12.773536895674301,393
30–35°C,,,0
35–40°C,,,0
40°C+,,,0
